{"cameraMode":{"drawMode":0,"name":"Shaded","section":"Shading Mode"},"sceneLighting":true,"audioPlay":false,"sceneViewState":{"showFog":true,"showMaterialUpdate":false,"showSkybox":true,"showFlares":true,"showImageEffects":true,"showParticleSystems":true},"in2DMode":false,"pivot":{"x":0.26957130432128909,"y":-1.605392336845398,"z":-13.614912033081055},"rotation":{"x":0.006440152879804373,"y":0.9935562014579773,"z":-0.08396460115909577,"w":0.07614104449748993},"size":8.651884078979493,"orthographic":false}